dataset,frame,scene,n_points,invalid_ratio,range_min,range_p50,range_p95,range_max,ratio_beyond_50m,z_min,z_max,intensity_mean,empty_azimuth_bins,time_gap_s,expected_time_gap_s,camera_minus_lidar_ms,density_score,density_threshold,flagged,reasons,range_gt_100m_ratio,intensity_outside_0_1_ratio
synthetic,000000,synthetic,23953,0.0009602137519,3.000034332,11.89754105,57.76334,69.99759674,0.08771416632,-1.813761353,3.269999981,0.1699209958,0,,0.1,,,,False,,0,0
synthetic,000001,synthetic,23781,0.0009671586561,3.000130892,12.89706039,58.33686066,69.96395111,0.0924320229,-1.816837192,3.269999981,0.1603796482,0,0.1,0.1,,,,False,,0,0
synthetic,000002,synthetic,23790,0.0009667927701,3.000483751,13.2892313,58.21037674,69.97278595,0.09062986494,-1.812777162,3.269999981,0.1560563743,0,0.1,0.1,,,,False,,0,0
synthetic,000003,synthetic,22063,0.0009971445406,3.000292063,13.37442589,58.33691025,69.98834991,0.09196497437,-1.814129949,3.269999981,0.153775543,0,0.2,0.1,,,,True,time_gap_outside_expected_plus_minus_20pct,0,0
synthetic,000004,synthetic,23760,0.000968013468,3.000058174,13.44352818,58.55621338,69.99859619,0.09487298311,-1.804740071,3.269999981,0.1532605737,0,0.1,0.1,,,,False,,0,0
kitti_mini,000001,kitti_mini,120268,0,1.369299054,9.780582428,37.0320816,79.86998749,0.01386902584,-7.293000221,2.904000044,0.249022752,0,,,,0.2211283605,0.4,False,,0,0
kitti_mini,000004,kitti_mini,115976,0,1.367886662,9.241417885,36.76300812,79.98678589,0.01785714286,-5.673999786,2.90199995,0.2261298895,0,,,,0.2491413474,0.4,False,,0,0
kitti_mini,000007,kitti_mini,122798,0,1.376506448,12.19636822,42.81066895,79.95597839,0.03378719523,-3.055999994,2.904000044,0.249456659,0,,,,0.2309782609,0.4,False,,0,0
kitti_mini,000008,kitti_mini,122555,0,1.373709321,7.502120495,24.08104897,79.90072632,0.008020888581,-15.93200016,2.904999971,0.271827668,0,,,,0.1737218252,0.4,False,,0,0
kitti_mini,000009,kitti_mini,123928,0,1.375407577,12.59945297,38.30870438,79.90322876,0.02236782648,-2.421999931,2.910000086,0.2472233176,0,,,,0.2182759236,0.4,False,,0,0
kitti_mini,000010,kitti_mini,115875,0,1.371624231,10.46268463,50.72724152,79.94259644,0.05690614887,-14.13899994,2.911999941,0.2204875052,0,,,,0.2575017446,0.4,False,,0,0
kitti_mini,000011,kitti_mini,108004,0,1.373202443,8.217069626,28.64936256,79.75112152,0.009564460576,-20.03300095,2.905999899,0.220464617,0,,,,0.437449338,0.4,True,density_review,0,0
kitti_mini,000012,kitti_mini,120007,0,1.391802073,11.62485313,53.36783981,79.93624115,0.06257135,-26.66300011,2.907000065,0.2244267315,0,,,,0.125468499,0.4,False,,0,0
kitti_mini,000015,kitti_mini,122583,0,1.369283795,7.50205946,24.26765442,79.41095734,0.005555419593,-7.086999893,2.854000092,0.2453701645,0,,,,0.2275975811,0.4,False,,0,0
kitti_mini,000016,kitti_mini,113070,0,1.380402803,9.344142914,49.60468674,79.97410583,0.04897850889,-17.0170002,2.911999941,0.2326268554,0,,,,0.2336819807,0.4,False,,0,0
kitti_mini,000019,kitti_mini,115697,0,1.376802087,8.253700256,32.22852707,79.92622375,0.02093399137,-4.111999989,2.905999899,0.2567505538,0,,,,0.3797752809,0.4,False,,0,0
kitti_mini,000021,kitti_mini,125260,0,1.369299054,8.886609077,25.08150291,79.95227051,0.009340571611,-9.902999878,2.910000086,0.303227216,0,,,,0.1097626272,0.4,False,,0,0
kitti_mini,000023,kitti_mini,120412,0,1.38499999,9.895935059,36.98249435,79.80883789,0.01285586154,-7.039000034,2.907999992,0.2483918518,0,,,,0.2112836047,0.4,False,,0,0
kitti_mini,000025,kitti_mini,115780,0,1.36611867,7.096640587,25.35359192,79.98151398,0.007954741752,-8.175000191,2.898000002,0.2610732317,0,,,,0.4989532449,0.4,True,density_review,0,0
kitti_mini,000031,kitti_mini,121291,0,1.377209187,9.047811508,30.56546974,79.05645752,0.006084540485,-9.56499958,2.78399992,0.2867589593,0,,,,0.2161747142,0.4,False,,0,0
kitti_mini,000032,kitti_mini,118661,0,1.371714711,8.888689041,24.4529171,79.64344025,0.01357649101,-24.11800003,2.887000084,0.2751561105,0,,,,0.3036516854,0.4,False,,0,0
kitti_mini,000043,kitti_mini,122591,0,1.365937352,7.394298077,22.60608673,79.88632202,0.008018533171,-11.99600029,2.891000032,0.2513357997,0,,,,0.1185770751,0.4,False,,0,0
kitti_mini,000048,kitti_mini,122675,0,1.378382087,6.683043003,23.28414917,79.9122467,0.005942531078,-8.798000336,2.762000084,0.2383412272,0,,,,0.1252311757,0.4,False,,0,0
kitti_mini,000049,kitti_mini,113691,0,1.393005729,8.889351845,31.77569389,79.98228455,0.02697662964,-24.81999969,2.904999971,0.2450033873,0,,,,0.2917112299,0.4,False,,0,0
kitti_mini,000061,kitti_mini,125247,0,1.384165049,9.927339554,32.8237915,79.89677429,0.01350132139,-8.015999794,2.911000013,0.3110469878,0,,,,0.1957119296,0.4,False,,0,0
nuscenes_mini_subset,scene-0103_000,scene-0103,34752,0,3.87306136e-05,4.219639778,30.71717262,103.38871,0.01651703499,-10.61304951,15.905303,0.05758314207,0,,0.5,-35.186,0.7826802766,0.6,True,density_review,0.0002589779006,0
nuscenes_mini_subset,scene-0103_001,scene-0103,34688,0,3.840139107e-05,4.235455513,29.43394852,103.3699493,0.01522140221,-8.953438759,15.36767864,0.05538390577,0,0.500435,0.5,-35.621,0.6483993489,0.6,True,density_review,0.0003459409594,0
nuscenes_mini_subset,scene-0103_002,scene-0103,34752,0,1.615363544e-05,4.324854374,29.7705555,104.3124008,0.01286256906,-8.844325066,14.98407364,0.0516150333,0,0.499868,0.5,-35.489,0.6652197504,0.6,True,density_review,0.0001151012891,0
nuscenes_mini_subset,scene-0103_003,scene-0103,34720,0,2.032927659e-05,4.655982018,29.93489265,104.5355072,0.01042626728,-8.432637215,14.71000385,0.05201793462,0,0.499876,0.5,-35.365,0.6950623983,0.6,True,density_review,0.0001728110599,0
nuscenes_mini_subset,scene-0103_004,scene-0103,34784,0,3.566938176e-05,4.938131332,27.74783516,104.7996216,0.008193422263,-8.568030357,13.99010658,0.05456734449,0,0.500423,0.5,-35.788,0.7059142702,0.6,True,density_review,0.0002299908004,0
nuscenes_mini_subset,scene-0103_005,scene-0103,34720,0,0.0007961741067,4.919877052,26.08939743,101.4448166,0.00625,-8.901794434,14.78581238,0.05587331951,0,0.500438,0.5,-36.226,0.3824200913,0.6,False,,2.880184332e-05,0
nuscenes_mini_subset,scene-0103_006,scene-0103,34688,0,4.739269934e-05,5.090211868,26.94565773,104.2422562,0.006515221402,-9.901309967,15.09892464,0.05618748441,0,0.500436,0.5,-36.662,0.6939772111,0.6,True,density_review,0.0001153136531,0
nuscenes_mini_subset,scene-0103_007,scene-0103,34688,0,4.975844422e-05,5.625088215,27.46912003,94.19500732,0.006515221402,-7.924996376,13.28441811,0.05571074039,0,0.499867,0.5,-36.529,0.6543678785,0.6,True,density_review,0,0
nuscenes_mini_subset,scene-0103_008,scene-0103,34720,0,2.518251449e-06,5.720678329,29.34922218,88.67331696,0.01538018433,-5.567416191,15.27700233,0.05528858304,0,0.499891,0.5,-36.42,0.7701679289,0.6,True,density_review,0,0
nuscenes_mini_subset,scene-0103_009,scene-0103,34720,0,3.000551078e-05,6.352505684,31.59552193,100.3302155,0.0180875576,-4.688133717,14.55641842,0.05541994423,0,0.499327,0.5,-35.747,0.7942048074,0.6,True,density_review,5.760368664e-05,0
nuscenes_mini_subset,scene-0103_010,scene-0103,34720,0,0.0004276442342,6.625268936,31.32953262,94.21302032,0.01198156682,-10.30800629,13.99900055,0.05834846571,0,0.499869,0.5,-35.616,0.6728160608,0.6,True,density_review,0,0
nuscenes_mini_subset,scene-0103_011,scene-0103,34688,0,0.007317706011,6.857203007,30.58083725,88.28131104,0.007668357934,-17.10289383,13.51347065,0.06234929711,0,0.49987,0.5,-35.486,0.6842105263,0.6,True,density_review,0,0
nuscenes_mini_subset,scene-0103_012,scene-0103,34688,0,5.008844164e-05,6.900924683,29.25151825,86.06536102,0.007264760148,-15.6475029,13.17617226,0.0645532608,0,0.499876,0.5,-35.362,0.6782419967,0.6,True,density_review,0,0
nuscenes_mini_subset,scene-0103_013,scene-0103,34688,0,1.265197443e-05,6.959116936,29.08759117,90.89771271,0.00772601476,-14.67669773,12.90932178,0.06424418092,0,0.399259,0.5,-34.621,0.2136181575,0.6,True,time_gap_outside_expected_plus_minus_20pct,0,0
nuscenes_mini_subset,scene-0103_014,scene-0103,34720,0,0.0007149832672,7.148216248,28.96605492,104.7372818,0.007747695853,-13.73346996,12.75500202,0.06298466772,0,0.499874,0.5,-34.495,0.6196418882,0.6,True,density_review,2.880184332e-05,0
nuscenes_mini_subset,scene-0103_015,scene-0103,34688,0,0.002303359564,7.319107056,29.3577404,104.1402588,0.008014298893,-13.11672401,12.65149784,0.06248508021,0,0.499886,0.5,-34.381,0.4119196576,0.6,False,,0.0001153136531,0
nuscenes_mini_subset,scene-0103_016,scene-0103,34720,0,7.507233386e-05,7.369986534,30.16670036,80.0475235,0.008582949309,-12.66073322,12.52170372,0.06284122169,0,0.499851,0.5,-34.232,0.6652197504,0.6,True,density_review,0,0
nuscenes_mini_subset,scene-0103_017,scene-0103,34720,0,2.09209411e-05,7.33700943,30.65184212,86.47219849,0.009418202765,-12.2926054,12.62242794,0.06251943111,0,0.450098,0.5,-34.33,0.6391752577,0.6,True,density_review,0,0
nuscenes_mini_subset,scene-0103_018,scene-0103,34784,0,0.000896970625,7.268719673,31.11173248,87.2322998,0.009832106716,-11.89560318,12.63621426,0.06227643788,0,0.500445,0.5,-34.775,0.5492262101,0.6,False,,0,0
nuscenes_mini_subset,scene-0103_019,scene-0103,34784,0,5.977418186e-05,7.246833801,31.9338665,85.29650879,0.01063707452,-11.47280502,13.7628479,0.06198128685,0,0.500409,0.5,-35.184,0.6077048291,0.6,True,density_review,0,0
nuscenes_mini_subset,scene-0103_020,scene-0103,34752,0,0.001532791764,7.122405052,32.78918839,91.85234833,0.01286256906,-11.00728321,13.69372654,0.06193352118,0,0.500432,0.5,-35.616,0.4498100922,0.6,False,,0,0
nuscenes_mini_subset,scene-0103_021,scene-0103,34752,0,4.409385292e-05,7.0066185,33.96825027,104.2516556,0.01689111418,-10.41144466,13.56808376,0.0617880635,0,0.550202,0.5,-35.818,0.6733586544,0.6,True,density_review,5.755064457e-05,0
nuscenes_mini_subset,scene-0103_022,scene-0103,34752,0,6.243134703e-05,6.829071045,33.59389877,102.2659988,0.01781192449,-9.795478821,13.46408558,0.06112712994,0,0.501942,0.5,-37.76,0.6435160065,0.6,True,density_review,2.877532228e-05,0
nuscenes_mini_subset,scene-0103_023,scene-0103,34720,0,3.221799852e-05,6.694565773,32.99443817,101.0449677,0.01860599078,-10.65443802,13.43997288,0.06101450324,0,0.498372,0.5,-36.132,0.6272637471,0.6,True,density_review,5.760368664e-05,0
nuscenes_mini_subset,scene-0103_024,scene-0103,34688,0,3.811286206e-06,6.584733963,32.3586998,100.7625961,0.02012223247,-3.853697777,13.68287754,0.06217893213,0,0.499861,0.5,-35.993,0.576776994,0.6,False,,2.882841328e-05,0
nuscenes_mini_subset,scene-0103_025,scene-0103,34688,0,3.259993537e-05,6.532846928,31.65914536,97.14144135,0.02116005535,-4.521418095,13.79468727,0.06053322181,0,0.499336,0.5,-35.329,0.7902535397,0.6,True,density_review,0,0
nuscenes_mini_subset,scene-0103_026,scene-0103,34688,0,4.509395512e-05,6.261760712,34.78520203,94.51639557,0.02629151292,-9.613724709,14.17879868,0.06128976867,0,0.499873,0.5,-35.202,0.773460652,0.6,True,density_review,0,0
nuscenes_mini_subset,scene-0103_027,scene-0103,34752,0,3.281423778e-05,6.36723423,36.18386078,92.17398071,0.02903430018,-10.66696167,14.81053162,0.05852991343,0,0.499884,0.5,-35.086,0.6521975041,0.6,True,density_review,0,0
nuscenes_mini_subset,scene-0103_028,scene-0103,34720,0,0.001247382024,6.616082191,36.89509583,89.86849976,0.02966589862,-16.72978592,14.59955883,0.05661437288,0,0.44956,0.5,-34.646,0.7843266381,0.6,True,density_review,0,0
nuscenes_mini_subset,scene-0103_029,scene-0103,34720,0,1.697799416e-05,6.936047554,37.83538437,99.95056152,0.03064516129,-15.27487087,14.37867928,0.05555288494,0,0.550187,0.5,-34.833,0.4134563212,0.6,False,,0,0
nuscenes_mini_subset,scene-0103_030,scene-0103,34688,0,2.588307689e-05,7.158540726,38.00920105,104.3765411,0.02877075646,-10.91536522,14.2961483,0.05459083989,0,0.499897,0.5,-34.73,0.8106684228,0.6,True,density_review,0.0001153136531,0
nuscenes_mini_subset,scene-0103_031,scene-0103,34688,0,5.725425581e-05,7.203036308,38.0906868,104.7929306,0.02810770295,-8.140406609,13.83751297,0.05363962054,0,0.499859,0.5,-34.589,0.8103391505,0.6,True,density_review,0.000201798893,0
nuscenes_mini_subset,scene-0103_032,scene-0103,34752,0,0.0002859104716,7.183372974,36.96878052,104.2469635,0.02653084715,-8.878022194,14.05234432,0.05469658226,0,0.499873,0.5,-34.462,0.8109976951,0.6,True,density_review,2.877532228e-05,0
nuscenes_mini_subset,scene-0103_033,scene-0103,34784,0,0.001016381662,6.814592361,37.04843903,104.3019257,0.02509774609,-12.7387886,14.38162994,0.05590771884,0,0.500447,0.5,-34.855,0.8152782351,0.6,True,density_review,8.624655014e-05,0
nuscenes_mini_subset,scene-0103_034,scene-0103,34688,0,3.147328971e-05,6.374264717,35.76465988,99.86924744,0.01922855166,-10.72247696,14.56473923,0.05802164972,0,0.500432,0.5,-35.341,0.2034902865,0.6,False,,0,0
nuscenes_mini_subset,scene-0103_035,scene-0103,34720,0,2.204381599e-05,5.862981796,34.37866211,98.09515381,0.0159562212,-15.52481842,13.98145962,0.06018693745,0,0.599961,0.5,-35.302,0.8189002305,0.6,True,density_review,0,0
nuscenes_mini_subset,scene-0103_036,scene-0103,34752,0,6.087266956e-05,5.734255791,34.4774437,102.3478775,0.01694866483,-14.0795784,14.62468719,0.0592905879,0,0.400343,0.5,-35.645,0.8096806059,0.6,True,density_review,5.755064457e-05,0
nuscenes_mini_subset,scene-0103_037,scene-0103,34720,0,1.562015677e-05,5.982352734,30.14680481,100.5081329,0.01794354839,-12.23822117,15.62634659,0.06057254225,0,0.499879,0.5,-35.524,0.811985512,0.6,True,density_review,2.880184332e-05,0
nuscenes_mini_subset,scene-0103_038,scene-0103,34752,0,4.73568216e-05,5.746500969,26.81104851,102.4585266,0.01735151934,-10.38891602,16.21274757,0.06371116638,0,0.500988,0.5,-36.512,0.6424308193,0.6,True,density_review,2.877532228e-05,0
nuscenes_mini_subset,scene-0103_039,scene-0103,34720,0,2.309368392e-05,5.517012596,25.99713898,97.68844604,0.01575460829,-8.575143814,16.94947433,0.05703612417,0,0.499311,0.5,-35.823,0.8179124136,0.6,True,density_review,0,0
nuscenes_mini_subset,scene-1094_000,scene-1094,34400,0,3.015122638e-05,5.483371735,41.02781296,94.70232391,0.01706395349,-16.81144333,14.2760582,0.07936901599,0,,0.5,-35.659,0.5802997859,0.6,False,,0,0
nuscenes_mini_subset,scene-1094_001,scene-1094,34688,0,2.532356666e-05,5.630763054,40.93636703,104.8791656,0.01651868081,-16.82356071,14.37698174,0.08170866221,0,0.499862,0.5,-35.521,0.5728051392,0.6,False,,2.882841328e-05,0
nuscenes_mini_subset,scene-1094_002,scene-1094,34720,0,4.447607353e-05,5.755970001,40.8665657,97.10379791,0.01687788018,-16.87247086,15.92779446,0.08359594643,0,0.499916,0.5,-35.437,0.579489962,0.6,False,,0,0
nuscenes_mini_subset,scene-1094_003,scene-1094,34688,0,7.617331721e-05,6.029533863,40.72850037,97.68346405,0.01663399446,-16.95526123,15.97249222,0.08211135119,0,0.499282,0.5,-34.719,0.5979381443,0.6,False,,0,0
nuscenes_mini_subset,scene-1094_004,scene-1094,34720,0,6.806880265e-05,6.276812077,40.55051804,105.0630722,0.01497695853,-17.13006401,15.85038757,0.08038899302,0,0.49988,0.5,-34.599,0.6087900163,0.6,True,density_review,2.880184332e-05,0
nuscenes_mini_subset,scene-1094_005,scene-1094,34752,0,5.822917592e-05,6.42741394,39.86638641,103.0376892,0.01363950276,-17.3891983,15.82125187,0.07984622568,0,0.500426,0.5,-35.025,0.6277807922,0.6,True,density_review,2.877532228e-05,0
nuscenes_mini_subset,scene-1094_006,scene-1094,34688,0,0.0002126942709,6.85811615,39.515728,104.0000381,0.01444303506,-12.47296333,13.85780716,0.07784960419,0,0.499893,0.5,-34.918,0.6065195917,0.6,True,density_review,2.882841328e-05,0
nuscenes_mini_subset,scene-1094_007,scene-1094,34720,0,4.147837899e-05,6.806538582,38.78173447,104.2682495,0.01612903226,-11.92233372,12.34983635,0.07549833506,0,0.502765,0.5,-37.683,0.6549104721,0.6,True,density_review,5.760368664e-05,0
nuscenes_mini_subset,scene-1094_008,scene-1094,34752,0,0.0001504604879,6.767179012,38.31819534,104.7248993,0.01591275322,-11.33559704,13.41761112,0.07380869985,0,0.497562,0.5,-35.245,0.634834509,0.6,True,density_review,5.755064457e-05,0
nuscenes_mini_subset,scene-1094_009,scene-1094,34720,0,3.279567318e-05,6.667680264,37.77983093,105.0348816,0.01486175115,-6.531080723,15.35400486,0.07029445469,0,0.500386,0.5,-35.631,0.7593019427,0.6,True,density_review,0.0002592165899,0
nuscenes_mini_subset,scene-1094_010,scene-1094,34688,0,4.958770296e-05,6.50868988,36.910923,105.0512772,0.01392412362,-6.406541824,15.60400486,0.06893055141,0,0.499387,0.5,-35.018,0.7780704643,0.6,True,density_review,5.765682657e-05,0
nuscenes_mini_subset,scene-1094_011,scene-1094,34688,0,4.034247104e-05,6.5011549,36.67987823,102.9416275,0.01326107011,-24.80376434,15.3280077,0.06728687137,0,0.499835,0.5,-34.853,0.8024366151,0.6,True,density_review,2.882841328e-05,0
nuscenes_mini_subset,scene-1094_012,scene-1094,34752,0,2.610832962e-05,6.428463936,36.84749985,104.1558533,0.01386970534,-6.660455704,15.34606075,0.06614149362,0,0.500423,0.5,-35.276,0.7830095489,0.6,True,density_review,5.755064457e-05,0
nuscenes_mini_subset,scene-1094_013,scene-1094,34752,0,3.791277777e-05,6.296843529,36.64434433,102.1132965,0.01274746777,-13.26202011,15.72068024,0.06533848494,0,0.499981,0.5,-35.257,0.7451432335,0.6,True,density_review,8.632596685e-05,0
nuscenes_mini_subset,scene-1094_014,scene-1094,34720,0,5.790271098e-05,6.196893692,36.10878372,104.2037735,0.01324884793,-14.69311714,16.71853638,0.06640914828,0,0.500316,0.5,-35.573,0.7843266381,0.6,True,density_review,0.0001152073733,0
nuscenes_mini_subset,scene-1094_015,scene-1094,34752,0,3.04819132e-05,6.136481285,36.52740097,102.2350006,0.01479051565,-20.36381721,16.15300751,0.06934978068,0,0.500422,0.5,-35.995,0.7823510043,0.6,True,density_review,0.0001151012891,0
nuscenes_mini_subset,scene-1094_016,scene-1094,34816,0,4.567405995e-05,5.899703026,35.93833923,99.6363678,0.01476332721,-17.50355721,13.79435349,0.0721219033,0,0.501005,0.5,-37,0.7461310504,0.6,True,density_review,0,0
nuscenes_mini_subset,scene-1094_017,scene-1094,34752,0,1.605997386e-05,5.535657406,35.96454239,101.1224442,0.01574010129,-17.56027603,15.01437283,0.0800948143,0,0.500959,0.5,-37.959,0.7411919658,0.6,True,density_review,2.877532228e-05,0
nuscenes_mini_subset,scene-1094_018,scene-1094,34688,0,0.0005621674936,5.389958382,36.13390732,95.17935944,0.01533671587,-17.60803795,15.21925831,0.08770406246,0,0.499883,0.5,-37.842,0.7290088904,0.6,True,density_review,0,0
nuscenes_mini_subset,scene-1094_019,scene-1094,34688,0,2.927371315e-05,5.599951267,37.93428802,94.02881622,0.01902675277,-18.77892113,14.98251343,0.09853202105,0,0.499885,0.5,-37.727,0.7313137965,0.6,True,density_review,0,0
nuscenes_mini_subset,scene-1094_020,scene-1094,34720,0,6.555730215e-05,5.560458183,37.60918427,101.8933029,0.02059331797,-5.521748543,14.75787735,0.09613320976,0,0.449542,0.5,-37.269,0.7385577873,0.6,True,density_review,2.880184332e-05,0
nuscenes_mini_subset,scene-1094_021,scene-1094,34688,0,1.770316885e-05,5.723765373,39.02526093,104.6629333,0.02369695572,-9.46628952,15.21676159,0.09429311007,0,0.499313,0.5,-36.582,0.6386326641,0.6,True,density_review,0.0001441420664,0
nuscenes_mini_subset,scene-1094_022,scene-1094,34656,0,5.08207122e-05,5.660327911,39.04538727,104.5520401,0.02498845799,-9.388401985,14.72673416,0.09303745627,0,0.499881,0.5,-36.463,0.3233454067,0.6,False,,0.0002885503232,0
nuscenes_mini_subset,scene-1094_023,scene-1094,34688,0,4.929634451e-05,5.314996719,38.21175003,103.7336502,0.02882841328,-10.57505798,17.11644936,0.09199248999,0,0.553072,0.5,-39.535,0.6858383071,0.6,True,density_review,0.001153136531,0
nuscenes_mini_subset,scene-1094_024,scene-1094,34688,0,2.234070234e-05,5.809965611,39.05810928,104.2559357,0.0325472786,-9.888233185,19.24217796,0.08390018344,0,0.495354,0.5,-34.889,0.7451432335,0.6,True,density_review,0.003026983395,0
nuscenes_mini_subset,scene-1094_025,scene-1094,34720,0,4.406235894e-05,6.099553108,41.45212173,105.0726471,0.03205645161,-11.15338135,18.80000496,0.07910782099,0,0.499877,0.5,-34.766,0.4915897992,0.6,False,,0.0002592165899,0
nuscenes_mini_subset,scene-1094_026,scene-1094,34752,0,5.138284178e-05,6.297245026,42.63886261,101.0995483,0.03194060773,-14.30573845,18.1862011,0.08052283525,0,0.49986,0.5,-34.626,0.7533750412,0.6,True,density_review,0.0001151012891,0
nuscenes_mini_subset,scene-1094_027,scene-1094,34752,0,0.0007961054798,5.860230446,44.55436707,104.1220093,0.03614180479,-6.910838604,17.86550331,0.08363124728,0,0.500469,0.5,-35.095,0.1971830986,0.6,False,,8.632596685e-05,0
nuscenes_mini_subset,scene-1094_028,scene-1094,34752,0,3.043086144e-05,5.631645679,45.17295456,103.4604263,0.03818485267,-12.56448269,17.48949814,0.08671370149,0,0.500407,0.5,-35.502,0.6635919696,0.6,True,density_review,0.0001151012891,0
nuscenes_mini_subset,scene-1094_029,scene-1094,34720,0,4.341800377e-05,5.575921535,45.26752472,104.8557968,0.04144585253,-17.72439003,18.465662,0.08560269326,0,0.499938,0.5,-35.44,0.7062891011,0.6,True,density_review,8.640552995e-05,0
nuscenes_mini_subset,scene-1094_030,scene-1094,34720,0,3.416245454e-05,6.064657211,45.49272156,104.2621613,0.03891129032,-14.65076542,18.44250488,0.07980088145,0,0.499805,0.5,-35.245,0.6760716224,0.6,True,density_review,0.0005184331797,0
nuscenes_mini_subset,scene-1094_031,scene-1094,34752,0,2.923839929e-05,6.372391224,46.78494644,103.9677124,0.04206952118,-15.62952709,18.495327,0.07773331553,0,0.499867,0.5,-35.112,0.6695604992,0.6,True,density_review,0.0002302025783,0
nuscenes_mini_subset,scene-1094_032,scene-1094,34784,0,4.962375169e-05,6.648358345,48.23378372,104.7235641,0.04470446182,-15.08397675,16.97089958,0.07396763563,0,0.500431,0.5,-35.543,0.7385577873,0.6,True,density_review,0.0005462281509,0
nuscenes_mini_subset,scene-1094_033,scene-1094,34720,0,0.0005669829552,6.703065872,49.36711502,103.6179581,0.04717741935,-20.37640572,19.41954994,0.07424008101,0,0.500451,0.5,-35.994,0.7365821534,0.6,True,density_review,0.002966589862,0
nuscenes_mini_subset,scene-1094_034,scene-1094,34720,0,5.486368173e-05,6.470169067,48.94852829,103.9204483,0.04406682028,-22.43389702,18.92759895,0.0786555782,0,0.499866,0.5,-35.86,0.676614216,0.6,True,density_review,0.0004896313364,0
nuscenes_mini_subset,scene-1094_035,scene-1094,34720,0,3.521707549e-05,5.988180161,48.88634872,104.1848831,0.04452764977,-6.959529877,18.45720291,0.08718667924,0,0.499918,0.5,-35.423,0.6473141617,0.6,True,density_review,0.0002880184332,0
nuscenes_mini_subset,scene-1094_036,scene-1094,34720,0,4.705761603e-05,5.349740982,44.73300171,100.3962479,0.04334677419,-13.20490837,18.07892609,0.09015689045,0,0.499836,0.5,-35.614,0.6890938687,0.6,True,density_review,5.760368664e-05,0
nuscenes_mini_subset,scene-1094_037,scene-1094,34752,0,3.641339208e-05,5.762872696,44.80879211,101.224472,0.04008402394,-10.67524147,16.78399849,0.08714894205,0,0.50042,0.5,-36.027,0.6771568095,0.6,True,density_review,2.877532228e-05,0
nuscenes_mini_subset,scene-1094_038,scene-1094,34688,0,2.889038842e-05,5.784766674,42.68122101,99.99411774,0.04004266605,-28.12707138,16.87941742,0.08380024135,0,0.499867,0.5,-35.901,0.6880086815,0.6,True,density_review,0,0
nuscenes_mini_subset,scene-1094_039,scene-1094,34720,0,5.642034012e-05,6.005036354,42.0008812,105.2867203,0.03801843318,-2.972219467,17.0350647,0.08447761834,0,0.499327,0.5,-35.228,0.6782419967,0.6,True,density_review,5.760368664e-05,0
