dataset,metric,bin_start,bin_end,n_points
synthetic,range,0,2.5,0
synthetic,range,2.5,5,20105
synthetic,range,5,7.5,16292
synthetic,range,7.5,10,11618
synthetic,range,10,12.5,9116
synthetic,range,12.5,15,6894
synthetic,range,15,17.5,5853
synthetic,range,17.5,20,4819
synthetic,range,20,22.5,4115
synthetic,range,22.5,25,3728
synthetic,range,25,27.5,3382
synthetic,range,27.5,30,3130
synthetic,range,30,32.5,2747
synthetic,range,32.5,35,2628
synthetic,range,35,37.5,2412
synthetic,range,37.5,40,2216
synthetic,range,40,42.5,2113
synthetic,range,42.5,45,1908
synthetic,range,45,47.5,1811
synthetic,range,47.5,50,1618
synthetic,range,50,52.5,1554
synthetic,range,52.5,55,1458
synthetic,range,55,57.5,1402
synthetic,range,57.5,60,1390
synthetic,range,60,62.5,1338
synthetic,range,62.5,65,1250
synthetic,range,65,67.5,1228
synthetic,range,67.5,70,1108
synthetic,range,70,72.5,0
synthetic,range,72.5,75,0
synthetic,range,75,77.5,0
synthetic,range,77.5,80,0
synthetic,range,80,82.5,0
synthetic,range,82.5,85,0
synthetic,range,85,87.5,0
synthetic,range,87.5,90,0
synthetic,range,90,92.5,0
synthetic,range,92.5,95,0
synthetic,range,95,97.5,0
synthetic,range,97.5,100,0
synthetic,intensity,0,0.025,0
synthetic,intensity,0.025,0.05,0
synthetic,intensity,0.05,0.075,13864
synthetic,intensity,0.075,0.1,13962
synthetic,intensity,0.1,0.125,14306
synthetic,intensity,0.125,0.15,14258
synthetic,intensity,0.15,0.175,14424
synthetic,intensity,0.175,0.2,14438
synthetic,intensity,0.2,0.225,14378
synthetic,intensity,0.225,0.25,14395
synthetic,intensity,0.25,0.275,432
synthetic,intensity,0.275,0.3,400
synthetic,intensity,0.3,0.325,175
synthetic,intensity,0.325,0.35,198
synthetic,intensity,0.35,0.375,164
synthetic,intensity,0.375,0.4,188
synthetic,intensity,0.4,0.425,90
synthetic,intensity,0.425,0.45,136
synthetic,intensity,0.45,0.475,122
synthetic,intensity,0.475,0.5,129
synthetic,intensity,0.5,0.525,123
synthetic,intensity,0.525,0.55,139
synthetic,intensity,0.55,0.575,103
synthetic,intensity,0.575,0.6,131
synthetic,intensity,0.6,0.625,152
synthetic,intensity,0.625,0.65,125
synthetic,intensity,0.65,0.675,134
synthetic,intensity,0.675,0.7,128
synthetic,intensity,0.7,0.725,18
synthetic,intensity,0.725,0.75,31
synthetic,intensity,0.75,0.775,19
synthetic,intensity,0.775,0.8,14
synthetic,intensity,0.8,0.825,10
synthetic,intensity,0.825,0.85,17
synthetic,intensity,0.85,0.875,15
synthetic,intensity,0.875,0.9,15
synthetic,intensity,0.9,0.925,0
synthetic,intensity,0.925,0.95,0
synthetic,intensity,0.95,0.975,0
synthetic,intensity,0.975,1,0
synthetic,azimuth,-180,-170,3423
synthetic,azimuth,-170,-160,3508
synthetic,azimuth,-160,-150,3435
synthetic,azimuth,-150,-140,3521
synthetic,azimuth,-140,-130,3534
synthetic,azimuth,-130,-120,3466
synthetic,azimuth,-120,-110,3376
synthetic,azimuth,-110,-100,3566
synthetic,azimuth,-100,-90,3480
synthetic,azimuth,-90,-80,3501
synthetic,azimuth,-80,-70,3438
synthetic,azimuth,-70,-60,3397
synthetic,azimuth,-60,-50,3477
synthetic,azimuth,-50,-40,3484
synthetic,azimuth,-40,-30,2981
synthetic,azimuth,-30,-20,2935
synthetic,azimuth,-20,-10,2869
synthetic,azimuth,-10,0,3497
synthetic,azimuth,0,10,3399
synthetic,azimuth,10,20,4127
synthetic,azimuth,20,30,2951
synthetic,azimuth,30,40,2165
synthetic,azimuth,40,50,1854
synthetic,azimuth,50,60,1623
synthetic,azimuth,60,70,2152
synthetic,azimuth,70,80,3430
synthetic,azimuth,80,90,3454
synthetic,azimuth,90,100,3468
synthetic,azimuth,100,110,3483
synthetic,azimuth,110,120,3424
synthetic,azimuth,120,130,3513
synthetic,azimuth,130,140,3424
synthetic,azimuth,140,150,3434
synthetic,azimuth,150,160,3452
synthetic,azimuth,160,170,3475
synthetic,azimuth,170,180,3517
synthetic,elevation,-90,-85,0
synthetic,elevation,-85,-80,0
synthetic,elevation,-80,-75,0
synthetic,elevation,-75,-70,0
synthetic,elevation,-70,-65,0
synthetic,elevation,-65,-60,0
synthetic,elevation,-60,-55,0
synthetic,elevation,-55,-50,0
synthetic,elevation,-50,-45,0
synthetic,elevation,-45,-40,0
synthetic,elevation,-40,-35,0
synthetic,elevation,-35,-30,152
synthetic,elevation,-30,-25,8253
synthetic,elevation,-25,-20,9704
synthetic,elevation,-20,-15,11777
synthetic,elevation,-15,-10,16304
synthetic,elevation,-10,-5,25526
synthetic,elevation,-5,0,43652
synthetic,elevation,0,5,1526
synthetic,elevation,5,10,314
synthetic,elevation,10,15,25
synthetic,elevation,15,20,0
synthetic,elevation,20,25,0
synthetic,elevation,25,30,0
synthetic,elevation,30,35,0
synthetic,elevation,35,40,0
synthetic,elevation,40,45,0
synthetic,elevation,45,50,0
synthetic,elevation,50,55,0
synthetic,elevation,55,60,0
synthetic,elevation,60,65,0
synthetic,elevation,65,70,0
synthetic,elevation,70,75,0
synthetic,elevation,75,80,0
synthetic,elevation,80,85,0
synthetic,elevation,85,90,0
kitti_mini,range,0,2.5,4405
kitti_mini,range,2.5,5,388271
kitti_mini,range,5,7.5,581502
kitti_mini,range,7.5,10,373739
kitti_mini,range,10,12.5,248947
kitti_mini,range,12.5,15,183875
kitti_mini,range,15,17.5,145036
kitti_mini,range,17.5,20,94786
kitti_mini,range,20,22.5,67427
kitti_mini,range,22.5,25,54224
kitti_mini,range,25,27.5,39548
kitti_mini,range,27.5,30,37638
kitti_mini,range,30,32.5,25578
kitti_mini,range,32.5,35,19321
kitti_mini,range,35,37.5,19705
kitti_mini,range,37.5,40,15230
kitti_mini,range,40,42.5,12128
kitti_mini,range,42.5,45,10718
kitti_mini,range,45,47.5,7979
kitti_mini,range,47.5,50,8434
kitti_mini,range,50,52.5,9492
kitti_mini,range,52.5,55,8274
kitti_mini,range,55,57.5,5490
kitti_mini,range,57.5,60,4318
kitti_mini,range,60,62.5,3701
kitti_mini,range,62.5,65,3433
kitti_mini,range,65,67.5,2654
kitti_mini,range,67.5,70,2193
kitti_mini,range,70,72.5,2328
kitti_mini,range,72.5,75,2417
kitti_mini,range,75,77.5,1908
kitti_mini,range,77.5,80,1670
kitti_mini,range,80,82.5,0
kitti_mini,range,82.5,85,0
kitti_mini,range,85,87.5,0
kitti_mini,range,87.5,90,0
kitti_mini,range,90,92.5,0
kitti_mini,range,92.5,95,0
kitti_mini,range,95,97.5,0
kitti_mini,range,97.5,100,0
kitti_mini,intensity,0,0.025,313636
kitti_mini,intensity,0.025,0.05,30824
kitti_mini,intensity,0.05,0.075,39667
kitti_mini,intensity,0.075,0.1,37185
kitti_mini,intensity,0.1,0.125,66828
kitti_mini,intensity,0.125,0.15,37284
kitti_mini,intensity,0.15,0.175,111562
kitti_mini,intensity,0.175,0.2,121002
kitti_mini,intensity,0.2,0.225,133740
kitti_mini,intensity,0.225,0.25,94058
kitti_mini,intensity,0.25,0.275,214486
kitti_mini,intensity,0.275,0.3,189958
kitti_mini,intensity,0.3,0.325,276610
kitti_mini,intensity,0.325,0.35,194327
kitti_mini,intensity,0.35,0.375,112574
kitti_mini,intensity,0.375,0.4,102759
kitti_mini,intensity,0.4,0.425,82058
kitti_mini,intensity,0.425,0.45,61489
kitti_mini,intensity,0.45,0.475,27619
kitti_mini,intensity,0.475,0.5,23371
kitti_mini,intensity,0.5,0.525,30428
kitti_mini,intensity,0.525,0.55,14844
kitti_mini,intensity,0.55,0.575,18364
kitti_mini,intensity,0.575,0.6,10281
kitti_mini,intensity,0.6,0.625,10506
kitti_mini,intensity,0.625,0.65,6971
kitti_mini,intensity,0.65,0.675,4174
kitti_mini,intensity,0.675,0.7,5121
kitti_mini,intensity,0.7,0.725,2350
kitti_mini,intensity,0.725,0.75,1955
kitti_mini,intensity,0.75,0.775,1839
kitti_mini,intensity,0.775,0.8,973
kitti_mini,intensity,0.8,0.825,1063
kitti_mini,intensity,0.825,0.85,601
kitti_mini,intensity,0.85,0.875,1066
kitti_mini,intensity,0.875,0.9,1099
kitti_mini,intensity,0.9,0.925,388
kitti_mini,intensity,0.925,0.95,516
kitti_mini,intensity,0.95,0.975,210
kitti_mini,intensity,0.975,1,2583
kitti_mini,azimuth,-180,-170,53968
kitti_mini,azimuth,-170,-160,53603
kitti_mini,azimuth,-160,-150,58469
kitti_mini,azimuth,-150,-140,68789
kitti_mini,azimuth,-140,-130,66062
kitti_mini,azimuth,-130,-120,67459
kitti_mini,azimuth,-120,-110,73920
kitti_mini,azimuth,-110,-100,73563
kitti_mini,azimuth,-100,-90,73711
kitti_mini,azimuth,-90,-80,70043
kitti_mini,azimuth,-80,-70,57454
kitti_mini,azimuth,-70,-60,57344
kitti_mini,azimuth,-60,-50,68587
kitti_mini,azimuth,-50,-40,71119
kitti_mini,azimuth,-40,-30,68305
kitti_mini,azimuth,-30,-20,71071
kitti_mini,azimuth,-20,-10,66243
kitti_mini,azimuth,-10,0,60271
kitti_mini,azimuth,0,10,60338
kitti_mini,azimuth,10,20,65592
kitti_mini,azimuth,20,30,70674
kitti_mini,azimuth,30,40,67603
kitti_mini,azimuth,40,50,70779
kitti_mini,azimuth,50,60,72187
kitti_mini,azimuth,60,70,72302
kitti_mini,azimuth,70,80,72960
kitti_mini,azimuth,80,90,72878
kitti_mini,azimuth,90,100,72914
kitti_mini,azimuth,100,110,73119
kitti_mini,azimuth,110,120,73228
kitti_mini,azimuth,120,130,69687
kitti_mini,azimuth,130,140,63009
kitti_mini,azimuth,140,150,66724
kitti_mini,azimuth,150,160,58320
kitti_mini,azimuth,160,170,51506
kitti_mini,azimuth,170,180,52568
kitti_mini,elevation,-90,-85,0
kitti_mini,elevation,-85,-80,0
kitti_mini,elevation,-80,-75,0
kitti_mini,elevation,-75,-70,0
kitti_mini,elevation,-70,-65,0
kitti_mini,elevation,-65,-60,0
kitti_mini,elevation,-60,-55,0
kitti_mini,elevation,-55,-50,0
kitti_mini,elevation,-50,-45,0
kitti_mini,elevation,-45,-40,0
kitti_mini,elevation,-40,-35,0
kitti_mini,elevation,-35,-30,0
kitti_mini,elevation,-30,-25,0
kitti_mini,elevation,-25,-20,208320
kitti_mini,elevation,-20,-15,369330
kitti_mini,elevation,-15,-10,406563
kitti_mini,elevation,-10,-5,510877
kitti_mini,elevation,-5,0,588646
kitti_mini,elevation,0,5,302631
kitti_mini,elevation,5,10,2
kitti_mini,elevation,10,15,0
kitti_mini,elevation,15,20,0
kitti_mini,elevation,20,25,0
kitti_mini,elevation,25,30,0
kitti_mini,elevation,30,35,0
kitti_mini,elevation,35,40,0
kitti_mini,elevation,40,45,0
kitti_mini,elevation,45,50,0
kitti_mini,elevation,50,55,0
kitti_mini,elevation,55,60,0
kitti_mini,elevation,60,65,0
kitti_mini,elevation,65,70,0
kitti_mini,elevation,70,75,0
kitti_mini,elevation,75,80,0
kitti_mini,elevation,80,85,0
kitti_mini,elevation,85,90,0
nuscenes_mini_subset,range,0,2.5,722883
nuscenes_mini_subset,range,2.5,5,449986
nuscenes_mini_subset,range,5,7.5,421033
nuscenes_mini_subset,range,7.5,10,262061
nuscenes_mini_subset,range,10,12.5,179998
nuscenes_mini_subset,range,12.5,15,147755
nuscenes_mini_subset,range,15,17.5,97399
nuscenes_mini_subset,range,17.5,20,71896
nuscenes_mini_subset,range,20,22.5,57444
nuscenes_mini_subset,range,22.5,25,53086
nuscenes_mini_subset,range,25,27.5,46118
nuscenes_mini_subset,range,27.5,30,39270
nuscenes_mini_subset,range,30,32.5,33369
nuscenes_mini_subset,range,32.5,35,30847
nuscenes_mini_subset,range,35,37.5,27915
nuscenes_mini_subset,range,37.5,40,23201
nuscenes_mini_subset,range,40,42.5,18767
nuscenes_mini_subset,range,42.5,45,14701
nuscenes_mini_subset,range,45,47.5,11655
nuscenes_mini_subset,range,47.5,50,9902
nuscenes_mini_subset,range,50,52.5,8376
nuscenes_mini_subset,range,52.5,55,7752
nuscenes_mini_subset,range,55,57.5,8367
nuscenes_mini_subset,range,57.5,60,5514
nuscenes_mini_subset,range,60,62.5,4818
nuscenes_mini_subset,range,62.5,65,3981
nuscenes_mini_subset,range,65,67.5,3187
nuscenes_mini_subset,range,67.5,70,3398
nuscenes_mini_subset,range,70,72.5,3115
nuscenes_mini_subset,range,72.5,75,2164
nuscenes_mini_subset,range,75,77.5,1663
nuscenes_mini_subset,range,77.5,80,1290
nuscenes_mini_subset,range,80,82.5,933
nuscenes_mini_subset,range,82.5,85,755
nuscenes_mini_subset,range,85,87.5,625
nuscenes_mini_subset,range,87.5,90,505
nuscenes_mini_subset,range,90,92.5,396
nuscenes_mini_subset,range,92.5,95,356
nuscenes_mini_subset,range,95,97.5,274
nuscenes_mini_subset,range,97.5,100,275
nuscenes_mini_subset,intensity,0,0.025,1140716
nuscenes_mini_subset,intensity,0.025,0.05,514419
nuscenes_mini_subset,intensity,0.05,0.075,323022
nuscenes_mini_subset,intensity,0.075,0.1,201863
nuscenes_mini_subset,intensity,0.1,0.125,151038
nuscenes_mini_subset,intensity,0.125,0.15,95433
nuscenes_mini_subset,intensity,0.15,0.175,57779
nuscenes_mini_subset,intensity,0.175,0.2,57875
nuscenes_mini_subset,intensity,0.2,0.225,56063
nuscenes_mini_subset,intensity,0.225,0.25,37270
nuscenes_mini_subset,intensity,0.25,0.275,30342
nuscenes_mini_subset,intensity,0.275,0.3,18401
nuscenes_mini_subset,intensity,0.3,0.325,18178
nuscenes_mini_subset,intensity,0.325,0.35,10629
nuscenes_mini_subset,intensity,0.35,0.375,7895
nuscenes_mini_subset,intensity,0.375,0.4,32166
nuscenes_mini_subset,intensity,0.4,0.425,3237
nuscenes_mini_subset,intensity,0.425,0.45,2505
nuscenes_mini_subset,intensity,0.45,0.475,2866
nuscenes_mini_subset,intensity,0.475,0.5,2259
nuscenes_mini_subset,intensity,0.5,0.525,2408
nuscenes_mini_subset,intensity,0.525,0.55,1874
nuscenes_mini_subset,intensity,0.55,0.575,1051
nuscenes_mini_subset,intensity,0.575,0.6,848
nuscenes_mini_subset,intensity,0.6,0.625,1030
nuscenes_mini_subset,intensity,0.625,0.65,445
nuscenes_mini_subset,intensity,0.65,0.675,539
nuscenes_mini_subset,intensity,0.675,0.7,317
nuscenes_mini_subset,intensity,0.7,0.725,282
nuscenes_mini_subset,intensity,0.725,0.75,288
nuscenes_mini_subset,intensity,0.75,0.775,282
nuscenes_mini_subset,intensity,0.775,0.8,189
nuscenes_mini_subset,intensity,0.8,0.825,272
nuscenes_mini_subset,intensity,0.825,0.85,215
nuscenes_mini_subset,intensity,0.85,0.875,536
nuscenes_mini_subset,intensity,0.875,0.9,327
nuscenes_mini_subset,intensity,0.9,0.925,328
nuscenes_mini_subset,intensity,0.925,0.95,1074
nuscenes_mini_subset,intensity,0.95,0.975,184
nuscenes_mini_subset,intensity,0.975,1,1059
nuscenes_mini_subset,azimuth,-180,-170,91284
nuscenes_mini_subset,azimuth,-170,-160,72250
nuscenes_mini_subset,azimuth,-160,-150,70951
nuscenes_mini_subset,azimuth,-150,-140,70385
nuscenes_mini_subset,azimuth,-140,-130,67693
nuscenes_mini_subset,azimuth,-130,-120,66581
nuscenes_mini_subset,azimuth,-120,-110,66167
nuscenes_mini_subset,azimuth,-110,-100,58514
nuscenes_mini_subset,azimuth,-100,-90,266130
nuscenes_mini_subset,azimuth,-90,-80,216078
nuscenes_mini_subset,azimuth,-80,-70,71768
nuscenes_mini_subset,azimuth,-70,-60,69054
nuscenes_mini_subset,azimuth,-60,-50,68759
nuscenes_mini_subset,azimuth,-50,-40,67044
nuscenes_mini_subset,azimuth,-40,-30,67421
nuscenes_mini_subset,azimuth,-30,-20,69834
nuscenes_mini_subset,azimuth,-20,-10,71442
nuscenes_mini_subset,azimuth,-10,0,71692
nuscenes_mini_subset,azimuth,0,10,69177
nuscenes_mini_subset,azimuth,10,20,69579
nuscenes_mini_subset,azimuth,20,30,73272
nuscenes_mini_subset,azimuth,30,40,72169
nuscenes_mini_subset,azimuth,40,50,63111
nuscenes_mini_subset,azimuth,50,60,60808
nuscenes_mini_subset,azimuth,60,70,63663
nuscenes_mini_subset,azimuth,70,80,61912
nuscenes_mini_subset,azimuth,80,90,53142
nuscenes_mini_subset,azimuth,90,100,54453
nuscenes_mini_subset,azimuth,100,110,61961
nuscenes_mini_subset,azimuth,110,120,62510
nuscenes_mini_subset,azimuth,120,130,60130
nuscenes_mini_subset,azimuth,130,140,61427
nuscenes_mini_subset,azimuth,140,150,67862
nuscenes_mini_subset,azimuth,150,160,72735
nuscenes_mini_subset,azimuth,160,170,73983
nuscenes_mini_subset,azimuth,170,180,72563
nuscenes_mini_subset,elevation,-90,-85,0
nuscenes_mini_subset,elevation,-85,-80,0
nuscenes_mini_subset,elevation,-80,-75,33
nuscenes_mini_subset,elevation,-75,-70,279
nuscenes_mini_subset,elevation,-70,-65,618
nuscenes_mini_subset,elevation,-65,-60,1085
nuscenes_mini_subset,elevation,-60,-55,2817
nuscenes_mini_subset,elevation,-55,-50,7154
nuscenes_mini_subset,elevation,-50,-45,11787
nuscenes_mini_subset,elevation,-45,-40,20349
nuscenes_mini_subset,elevation,-40,-35,35237
nuscenes_mini_subset,elevation,-35,-30,81656
nuscenes_mini_subset,elevation,-30,-25,237203
nuscenes_mini_subset,elevation,-25,-20,305992
nuscenes_mini_subset,elevation,-20,-15,319878
nuscenes_mini_subset,elevation,-15,-10,313905
nuscenes_mini_subset,elevation,-10,-5,321705
nuscenes_mini_subset,elevation,-5,0,527200
nuscenes_mini_subset,elevation,0,5,290139
nuscenes_mini_subset,elevation,5,10,242356
nuscenes_mini_subset,elevation,10,15,58111
nuscenes_mini_subset,elevation,15,20,0
nuscenes_mini_subset,elevation,20,25,0
nuscenes_mini_subset,elevation,25,30,0
nuscenes_mini_subset,elevation,30,35,0
nuscenes_mini_subset,elevation,35,40,0
nuscenes_mini_subset,elevation,40,45,0
nuscenes_mini_subset,elevation,45,50,0
nuscenes_mini_subset,elevation,50,55,0
nuscenes_mini_subset,elevation,55,60,0
nuscenes_mini_subset,elevation,60,65,0
nuscenes_mini_subset,elevation,65,70,0
nuscenes_mini_subset,elevation,70,75,0
nuscenes_mini_subset,elevation,75,80,0
nuscenes_mini_subset,elevation,80,85,0
nuscenes_mini_subset,elevation,85,90,0
