dataset,method,selected_threshold,calibration_fpr_target_met,perturbation,level,n_test_frames,flagged_frames,flag_rate
kitti_mini,global_count,0.2,True,original,0,10,0,0
kitti_mini,global_count,0.2,True,random_dropout,0.1,10,0,0
kitti_mini,global_count,0.2,True,random_dropout,0.3,10,10,1
kitti_mini,global_count,0.2,True,random_dropout,0.5,10,10,1
kitti_mini,global_count,0.2,True,sector_dropout,10,10,0,0
kitti_mini,global_count,0.2,True,sector_dropout,20,10,0,0
kitti_mini,global_count,0.2,True,sector_dropout,30,10,0,0
kitti_mini,worst_bin,0.4,True,original,0,10,1,0.1
kitti_mini,worst_bin,0.4,True,random_dropout,0.1,10,1,0.1
kitti_mini,worst_bin,0.4,True,random_dropout,0.3,10,7,0.7
kitti_mini,worst_bin,0.4,True,random_dropout,0.5,10,10,1
kitti_mini,worst_bin,0.4,True,sector_dropout,10,10,10,1
kitti_mini,worst_bin,0.4,True,sector_dropout,20,10,10,1
kitti_mini,worst_bin,0.4,True,sector_dropout,30,10,10,1
nuscenes_mini_subset,global_count,0.2,True,original,0,40,0,0
nuscenes_mini_subset,global_count,0.2,True,random_dropout,0.1,40,0,0
nuscenes_mini_subset,global_count,0.2,True,random_dropout,0.3,40,40,1
nuscenes_mini_subset,global_count,0.2,True,random_dropout,0.5,40,40,1
nuscenes_mini_subset,global_count,0.2,True,sector_dropout,10,40,0,0
nuscenes_mini_subset,global_count,0.2,True,sector_dropout,20,40,0,0
nuscenes_mini_subset,global_count,0.2,True,sector_dropout,30,40,0,0
nuscenes_mini_subset,worst_bin,0.6,False,original,0,40,32,0.8
nuscenes_mini_subset,worst_bin,0.6,False,random_dropout,0.1,40,34,0.85
nuscenes_mini_subset,worst_bin,0.6,False,random_dropout,0.3,40,35,0.875
nuscenes_mini_subset,worst_bin,0.6,False,random_dropout,0.5,40,40,1
nuscenes_mini_subset,worst_bin,0.6,False,sector_dropout,10,40,32,0.8
nuscenes_mini_subset,worst_bin,0.6,False,sector_dropout,20,40,40,1
nuscenes_mini_subset,worst_bin,0.6,False,sector_dropout,30,40,40,1
