dataset,split,perturbation,level,level_unit,threshold,n_frames,flagged_frames,flag_rate,mean_points,mean_density_score
kitti_mini,calibration,original,0,none,0.2,10,9,0.9,119126.3,0.2552951369
kitti_mini,calibration,original,0,none,0.4,10,1,0.1,119126.3,0.2552951369
kitti_mini,calibration,original,0,none,0.6,10,0,0,119126.3,0.2552951369
kitti_mini,calibration,random_dropout,0.1,fraction_removed,0.2,10,10,1,107145.1,0.3311928701
kitti_mini,calibration,random_dropout,0.1,fraction_removed,0.4,10,2,0.2,107145.1,0.3311928701
kitti_mini,calibration,random_dropout,0.1,fraction_removed,0.6,10,0,0,107145.1,0.3311928701
kitti_mini,calibration,random_dropout,0.3,fraction_removed,0.2,10,10,1,83311.5,0.4782216279
kitti_mini,calibration,random_dropout,0.3,fraction_removed,0.4,10,9,0.9,83311.5,0.4782216279
kitti_mini,calibration,random_dropout,0.3,fraction_removed,0.6,10,1,0.1,83311.5,0.4782216279
kitti_mini,calibration,random_dropout,0.5,fraction_removed,0.2,10,10,1,59291.4,0.6280298055
kitti_mini,calibration,random_dropout,0.5,fraction_removed,0.4,10,10,1,59291.4,0.6280298055
kitti_mini,calibration,random_dropout,0.5,fraction_removed,0.6,10,8,0.8,59291.4,0.6280298055
kitti_mini,calibration,sector_dropout,10,degrees,0.2,10,10,1,116212.1,0.5013364689
kitti_mini,calibration,sector_dropout,10,degrees,0.4,10,10,1,116212.1,0.5013364689
kitti_mini,calibration,sector_dropout,10,degrees,0.6,10,0,0,116212.1,0.5013364689
kitti_mini,calibration,sector_dropout,20,degrees,0.2,10,10,1,113122,1
kitti_mini,calibration,sector_dropout,20,degrees,0.4,10,10,1,113122,1
kitti_mini,calibration,sector_dropout,20,degrees,0.6,10,10,1,113122,1
kitti_mini,calibration,sector_dropout,30,degrees,0.2,10,10,1,109938.8,1
kitti_mini,calibration,sector_dropout,30,degrees,0.4,10,10,1,109938.8,1
kitti_mini,calibration,sector_dropout,30,degrees,0.6,10,10,1,109938.8,1
kitti_mini,test,original,0,none,0.2,10,5,0.5,119510.6,0.227282606
kitti_mini,test,original,0,none,0.4,10,1,0.1,119510.6,0.227282606
kitti_mini,test,original,0,none,0.6,10,0,0,119510.6,0.227282606
kitti_mini,test,random_dropout,0.1,fraction_removed,0.2,10,9,0.9,107495.1,0.3023495615
kitti_mini,test,random_dropout,0.1,fraction_removed,0.4,10,1,0.1,107495.1,0.3023495615
kitti_mini,test,random_dropout,0.1,fraction_removed,0.6,10,0,0,107495.1,0.3023495615
kitti_mini,test,random_dropout,0.3,fraction_removed,0.2,10,10,1,83585,0.4597364506
kitti_mini,test,random_dropout,0.3,fraction_removed,0.4,10,7,0.7,83585,0.4597364506
kitti_mini,test,random_dropout,0.3,fraction_removed,0.6,10,1,0.1,83585,0.4597364506
kitti_mini,test,random_dropout,0.5,fraction_removed,0.2,10,10,1,59487.6,0.616529163
kitti_mini,test,random_dropout,0.5,fraction_removed,0.4,10,10,1,59487.6,0.616529163
kitti_mini,test,random_dropout,0.5,fraction_removed,0.6,10,6,0.6,59487.6,0.616529163
kitti_mini,test,sector_dropout,10,degrees,0.2,10,10,1,116497.8,0.5084830458
kitti_mini,test,sector_dropout,10,degrees,0.4,10,10,1,116497.8,0.5084830458
kitti_mini,test,sector_dropout,10,degrees,0.6,10,0,0,116497.8,0.5084830458
kitti_mini,test,sector_dropout,20,degrees,0.2,10,10,1,113454,1
kitti_mini,test,sector_dropout,20,degrees,0.4,10,10,1,113454,1
kitti_mini,test,sector_dropout,20,degrees,0.6,10,10,1,113454,1
kitti_mini,test,sector_dropout,30,degrees,0.2,10,10,1,110261.3,1
kitti_mini,test,sector_dropout,30,degrees,0.4,10,10,1,110261.3,1
kitti_mini,test,sector_dropout,30,degrees,0.6,10,10,1,110261.3,1
nuscenes_mini_subset,calibration,original,0,none,0.2,40,40,1,34717.6,0.6707775907
nuscenes_mini_subset,calibration,original,0,none,0.4,40,38,0.95,34717.6,0.6707775907
nuscenes_mini_subset,calibration,original,0,none,0.6,40,33,0.825,34717.6,0.6707775907
nuscenes_mini_subset,calibration,random_dropout,0.1,fraction_removed,0.2,40,40,1,31286.425,0.703842444
nuscenes_mini_subset,calibration,random_dropout,0.1,fraction_removed,0.4,40,38,0.95,31286.425,0.703842444
nuscenes_mini_subset,calibration,random_dropout,0.1,fraction_removed,0.6,40,36,0.9,31286.425,0.703842444
nuscenes_mini_subset,calibration,random_dropout,0.3,fraction_removed,0.2,40,40,1,24255.275,0.7721380333
nuscenes_mini_subset,calibration,random_dropout,0.3,fraction_removed,0.4,40,40,1,24255.275,0.7721380333
nuscenes_mini_subset,calibration,random_dropout,0.3,fraction_removed,0.6,40,38,0.95,24255.275,0.7721380333
nuscenes_mini_subset,calibration,random_dropout,0.5,fraction_removed,0.2,40,40,1,17282.5,0.8381170797
nuscenes_mini_subset,calibration,random_dropout,0.5,fraction_removed,0.4,40,40,1,17282.5,0.8381170797
nuscenes_mini_subset,calibration,random_dropout,0.5,fraction_removed,0.6,40,40,1,17282.5,0.8381170797
nuscenes_mini_subset,calibration,sector_dropout,10,degrees,0.2,40,40,1,34070.5,0.6854949871
nuscenes_mini_subset,calibration,sector_dropout,10,degrees,0.4,40,40,1,34070.5,0.6854949871
nuscenes_mini_subset,calibration,sector_dropout,10,degrees,0.6,40,33,0.825,34070.5,0.6854949871
nuscenes_mini_subset,calibration,sector_dropout,20,degrees,0.2,40,40,1,33370.05,1
nuscenes_mini_subset,calibration,sector_dropout,20,degrees,0.4,40,40,1,33370.05,1
nuscenes_mini_subset,calibration,sector_dropout,20,degrees,0.6,40,40,1,33370.05,1
nuscenes_mini_subset,calibration,sector_dropout,30,degrees,0.2,40,40,1,32600.525,1
nuscenes_mini_subset,calibration,sector_dropout,30,degrees,0.4,40,40,1,32600.525,1
nuscenes_mini_subset,calibration,sector_dropout,30,degrees,0.6,40,40,1,32600.525,1
nuscenes_mini_subset,test,original,0,none,0.2,40,39,0.975,34720,0.6526397489
nuscenes_mini_subset,test,original,0,none,0.4,40,37,0.925,34720,0.6526397489
nuscenes_mini_subset,test,original,0,none,0.6,40,32,0.8,34720,0.6526397489
nuscenes_mini_subset,test,random_dropout,0.1,fraction_removed,0.2,40,40,1,31288.5,0.6880911504
nuscenes_mini_subset,test,random_dropout,0.1,fraction_removed,0.4,40,38,0.95,31288.5,0.6880911504
nuscenes_mini_subset,test,random_dropout,0.1,fraction_removed,0.6,40,34,0.85,31288.5,0.6880911504
nuscenes_mini_subset,test,random_dropout,0.3,fraction_removed,0.2,40,40,1,24257.025,0.7593313021
nuscenes_mini_subset,test,random_dropout,0.3,fraction_removed,0.4,40,40,1,24257.025,0.7593313021
nuscenes_mini_subset,test,random_dropout,0.3,fraction_removed,0.6,40,35,0.875,24257.025,0.7593313021
nuscenes_mini_subset,test,random_dropout,0.5,fraction_removed,0.2,40,40,1,17284.1,0.8290362624
nuscenes_mini_subset,test,random_dropout,0.5,fraction_removed,0.4,40,40,1,17284.1,0.8290362624
nuscenes_mini_subset,test,random_dropout,0.5,fraction_removed,0.6,40,40,1,17284.1,0.8290362624
nuscenes_mini_subset,test,sector_dropout,10,degrees,0.2,40,40,1,34071.55,0.6755340538
nuscenes_mini_subset,test,sector_dropout,10,degrees,0.4,40,40,1,34071.55,0.6755340538
nuscenes_mini_subset,test,sector_dropout,10,degrees,0.6,40,32,0.8,34071.55,0.6755340538
nuscenes_mini_subset,test,sector_dropout,20,degrees,0.2,40,40,1,33377.675,1
nuscenes_mini_subset,test,sector_dropout,20,degrees,0.4,40,40,1,33377.675,1
nuscenes_mini_subset,test,sector_dropout,20,degrees,0.6,40,40,1,33377.675,1
nuscenes_mini_subset,test,sector_dropout,30,degrees,0.2,40,40,1,32613.45,1
nuscenes_mini_subset,test,sector_dropout,30,degrees,0.4,40,40,1,32613.45,1
nuscenes_mini_subset,test,sector_dropout,30,degrees,0.6,40,40,1,32613.45,1
