dataset,method,split,perturbation,level,threshold,n_frames,flagged_frames,flag_rate
kitti_mini,global_count,calibration,original,0,0.2,10,0,0
kitti_mini,global_count,calibration,original,0,0.4,10,0,0
kitti_mini,global_count,calibration,original,0,0.6,10,0,0
kitti_mini,global_count,calibration,random_dropout,0.1,0.2,10,0,0
kitti_mini,global_count,calibration,random_dropout,0.1,0.4,10,0,0
kitti_mini,global_count,calibration,random_dropout,0.1,0.6,10,0,0
kitti_mini,global_count,calibration,random_dropout,0.3,0.2,10,10,1
kitti_mini,global_count,calibration,random_dropout,0.3,0.4,10,0,0
kitti_mini,global_count,calibration,random_dropout,0.3,0.6,10,0,0
kitti_mini,global_count,calibration,random_dropout,0.5,0.2,10,10,1
kitti_mini,global_count,calibration,random_dropout,0.5,0.4,10,10,1
kitti_mini,global_count,calibration,random_dropout,0.5,0.6,10,0,0
kitti_mini,global_count,calibration,sector_dropout,10,0.2,10,0,0
kitti_mini,global_count,calibration,sector_dropout,10,0.4,10,0,0
kitti_mini,global_count,calibration,sector_dropout,10,0.6,10,0,0
kitti_mini,global_count,calibration,sector_dropout,20,0.2,10,0,0
kitti_mini,global_count,calibration,sector_dropout,20,0.4,10,0,0
kitti_mini,global_count,calibration,sector_dropout,20,0.6,10,0,0
kitti_mini,global_count,calibration,sector_dropout,30,0.2,10,0,0
kitti_mini,global_count,calibration,sector_dropout,30,0.4,10,0,0
kitti_mini,global_count,calibration,sector_dropout,30,0.6,10,0,0
kitti_mini,global_count,test,original,0,0.2,10,0,0
kitti_mini,global_count,test,original,0,0.4,10,0,0
kitti_mini,global_count,test,original,0,0.6,10,0,0
kitti_mini,global_count,test,random_dropout,0.1,0.2,10,0,0
kitti_mini,global_count,test,random_dropout,0.1,0.4,10,0,0
kitti_mini,global_count,test,random_dropout,0.1,0.6,10,0,0
kitti_mini,global_count,test,random_dropout,0.3,0.2,10,10,1
kitti_mini,global_count,test,random_dropout,0.3,0.4,10,0,0
kitti_mini,global_count,test,random_dropout,0.3,0.6,10,0,0
kitti_mini,global_count,test,random_dropout,0.5,0.2,10,10,1
kitti_mini,global_count,test,random_dropout,0.5,0.4,10,10,1
kitti_mini,global_count,test,random_dropout,0.5,0.6,10,0,0
kitti_mini,global_count,test,sector_dropout,10,0.2,10,0,0
kitti_mini,global_count,test,sector_dropout,10,0.4,10,0,0
kitti_mini,global_count,test,sector_dropout,10,0.6,10,0,0
kitti_mini,global_count,test,sector_dropout,20,0.2,10,0,0
kitti_mini,global_count,test,sector_dropout,20,0.4,10,0,0
kitti_mini,global_count,test,sector_dropout,20,0.6,10,0,0
kitti_mini,global_count,test,sector_dropout,30,0.2,10,0,0
kitti_mini,global_count,test,sector_dropout,30,0.4,10,0,0
kitti_mini,global_count,test,sector_dropout,30,0.6,10,0,0
kitti_mini,worst_bin,calibration,original,0,0.2,10,9,0.9
kitti_mini,worst_bin,calibration,original,0,0.4,10,1,0.1
kitti_mini,worst_bin,calibration,original,0,0.6,10,0,0
kitti_mini,worst_bin,calibration,random_dropout,0.1,0.2,10,10,1
kitti_mini,worst_bin,calibration,random_dropout,0.1,0.4,10,2,0.2
kitti_mini,worst_bin,calibration,random_dropout,0.1,0.6,10,0,0
kitti_mini,worst_bin,calibration,random_dropout,0.3,0.2,10,10,1
kitti_mini,worst_bin,calibration,random_dropout,0.3,0.4,10,9,0.9
kitti_mini,worst_bin,calibration,random_dropout,0.3,0.6,10,1,0.1
kitti_mini,worst_bin,calibration,random_dropout,0.5,0.2,10,10,1
kitti_mini,worst_bin,calibration,random_dropout,0.5,0.4,10,10,1
kitti_mini,worst_bin,calibration,random_dropout,0.5,0.6,10,8,0.8
kitti_mini,worst_bin,calibration,sector_dropout,10,0.2,10,10,1
kitti_mini,worst_bin,calibration,sector_dropout,10,0.4,10,10,1
kitti_mini,worst_bin,calibration,sector_dropout,10,0.6,10,0,0
kitti_mini,worst_bin,calibration,sector_dropout,20,0.2,10,10,1
kitti_mini,worst_bin,calibration,sector_dropout,20,0.4,10,10,1
kitti_mini,worst_bin,calibration,sector_dropout,20,0.6,10,10,1
kitti_mini,worst_bin,calibration,sector_dropout,30,0.2,10,10,1
kitti_mini,worst_bin,calibration,sector_dropout,30,0.4,10,10,1
kitti_mini,worst_bin,calibration,sector_dropout,30,0.6,10,10,1
kitti_mini,worst_bin,test,original,0,0.2,10,5,0.5
kitti_mini,worst_bin,test,original,0,0.4,10,1,0.1
kitti_mini,worst_bin,test,original,0,0.6,10,0,0
kitti_mini,worst_bin,test,random_dropout,0.1,0.2,10,9,0.9
kitti_mini,worst_bin,test,random_dropout,0.1,0.4,10,1,0.1
kitti_mini,worst_bin,test,random_dropout,0.1,0.6,10,0,0
kitti_mini,worst_bin,test,random_dropout,0.3,0.2,10,10,1
kitti_mini,worst_bin,test,random_dropout,0.3,0.4,10,7,0.7
kitti_mini,worst_bin,test,random_dropout,0.3,0.6,10,1,0.1
kitti_mini,worst_bin,test,random_dropout,0.5,0.2,10,10,1
kitti_mini,worst_bin,test,random_dropout,0.5,0.4,10,10,1
kitti_mini,worst_bin,test,random_dropout,0.5,0.6,10,6,0.6
kitti_mini,worst_bin,test,sector_dropout,10,0.2,10,10,1
kitti_mini,worst_bin,test,sector_dropout,10,0.4,10,10,1
kitti_mini,worst_bin,test,sector_dropout,10,0.6,10,0,0
kitti_mini,worst_bin,test,sector_dropout,20,0.2,10,10,1
kitti_mini,worst_bin,test,sector_dropout,20,0.4,10,10,1
kitti_mini,worst_bin,test,sector_dropout,20,0.6,10,10,1
kitti_mini,worst_bin,test,sector_dropout,30,0.2,10,10,1
kitti_mini,worst_bin,test,sector_dropout,30,0.4,10,10,1
kitti_mini,worst_bin,test,sector_dropout,30,0.6,10,10,1
nuscenes_mini_subset,global_count,calibration,original,0,0.2,40,0,0
nuscenes_mini_subset,global_count,calibration,original,0,0.4,40,0,0
nuscenes_mini_subset,global_count,calibration,original,0,0.6,40,0,0
nuscenes_mini_subset,global_count,calibration,random_dropout,0.1,0.2,40,0,0
nuscenes_mini_subset,global_count,calibration,random_dropout,0.1,0.4,40,0,0
nuscenes_mini_subset,global_count,calibration,random_dropout,0.1,0.6,40,0,0
nuscenes_mini_subset,global_count,calibration,random_dropout,0.3,0.2,40,40,1
nuscenes_mini_subset,global_count,calibration,random_dropout,0.3,0.4,40,0,0
nuscenes_mini_subset,global_count,calibration,random_dropout,0.3,0.6,40,0,0
nuscenes_mini_subset,global_count,calibration,random_dropout,0.5,0.2,40,40,1
nuscenes_mini_subset,global_count,calibration,random_dropout,0.5,0.4,40,40,1
nuscenes_mini_subset,global_count,calibration,random_dropout,0.5,0.6,40,0,0
nuscenes_mini_subset,global_count,calibration,sector_dropout,10,0.2,40,0,0
nuscenes_mini_subset,global_count,calibration,sector_dropout,10,0.4,40,0,0
nuscenes_mini_subset,global_count,calibration,sector_dropout,10,0.6,40,0,0
nuscenes_mini_subset,global_count,calibration,sector_dropout,20,0.2,40,0,0
nuscenes_mini_subset,global_count,calibration,sector_dropout,20,0.4,40,0,0
nuscenes_mini_subset,global_count,calibration,sector_dropout,20,0.6,40,0,0
nuscenes_mini_subset,global_count,calibration,sector_dropout,30,0.2,40,0,0
nuscenes_mini_subset,global_count,calibration,sector_dropout,30,0.4,40,0,0
nuscenes_mini_subset,global_count,calibration,sector_dropout,30,0.6,40,0,0
nuscenes_mini_subset,global_count,test,original,0,0.2,40,0,0
nuscenes_mini_subset,global_count,test,original,0,0.4,40,0,0
nuscenes_mini_subset,global_count,test,original,0,0.6,40,0,0
nuscenes_mini_subset,global_count,test,random_dropout,0.1,0.2,40,0,0
nuscenes_mini_subset,global_count,test,random_dropout,0.1,0.4,40,0,0
nuscenes_mini_subset,global_count,test,random_dropout,0.1,0.6,40,0,0
nuscenes_mini_subset,global_count,test,random_dropout,0.3,0.2,40,40,1
nuscenes_mini_subset,global_count,test,random_dropout,0.3,0.4,40,0,0
nuscenes_mini_subset,global_count,test,random_dropout,0.3,0.6,40,0,0
nuscenes_mini_subset,global_count,test,random_dropout,0.5,0.2,40,40,1
nuscenes_mini_subset,global_count,test,random_dropout,0.5,0.4,40,40,1
nuscenes_mini_subset,global_count,test,random_dropout,0.5,0.6,40,0,0
nuscenes_mini_subset,global_count,test,sector_dropout,10,0.2,40,0,0
nuscenes_mini_subset,global_count,test,sector_dropout,10,0.4,40,0,0
nuscenes_mini_subset,global_count,test,sector_dropout,10,0.6,40,0,0
nuscenes_mini_subset,global_count,test,sector_dropout,20,0.2,40,0,0
nuscenes_mini_subset,global_count,test,sector_dropout,20,0.4,40,0,0
nuscenes_mini_subset,global_count,test,sector_dropout,20,0.6,40,0,0
nuscenes_mini_subset,global_count,test,sector_dropout,30,0.2,40,0,0
nuscenes_mini_subset,global_count,test,sector_dropout,30,0.4,40,0,0
nuscenes_mini_subset,global_count,test,sector_dropout,30,0.6,40,0,0
nuscenes_mini_subset,worst_bin,calibration,original,0,0.2,40,40,1
nuscenes_mini_subset,worst_bin,calibration,original,0,0.4,40,38,0.95
nuscenes_mini_subset,worst_bin,calibration,original,0,0.6,40,33,0.825
nuscenes_mini_subset,worst_bin,calibration,random_dropout,0.1,0.2,40,40,1
nuscenes_mini_subset,worst_bin,calibration,random_dropout,0.1,0.4,40,38,0.95
nuscenes_mini_subset,worst_bin,calibration,random_dropout,0.1,0.6,40,36,0.9
nuscenes_mini_subset,worst_bin,calibration,random_dropout,0.3,0.2,40,40,1
nuscenes_mini_subset,worst_bin,calibration,random_dropout,0.3,0.4,40,40,1
nuscenes_mini_subset,worst_bin,calibration,random_dropout,0.3,0.6,40,38,0.95
nuscenes_mini_subset,worst_bin,calibration,random_dropout,0.5,0.2,40,40,1
nuscenes_mini_subset,worst_bin,calibration,random_dropout,0.5,0.4,40,40,1
nuscenes_mini_subset,worst_bin,calibration,random_dropout,0.5,0.6,40,40,1
nuscenes_mini_subset,worst_bin,calibration,sector_dropout,10,0.2,40,40,1
nuscenes_mini_subset,worst_bin,calibration,sector_dropout,10,0.4,40,40,1
nuscenes_mini_subset,worst_bin,calibration,sector_dropout,10,0.6,40,33,0.825
nuscenes_mini_subset,worst_bin,calibration,sector_dropout,20,0.2,40,40,1
nuscenes_mini_subset,worst_bin,calibration,sector_dropout,20,0.4,40,40,1
nuscenes_mini_subset,worst_bin,calibration,sector_dropout,20,0.6,40,40,1
nuscenes_mini_subset,worst_bin,calibration,sector_dropout,30,0.2,40,40,1
nuscenes_mini_subset,worst_bin,calibration,sector_dropout,30,0.4,40,40,1
nuscenes_mini_subset,worst_bin,calibration,sector_dropout,30,0.6,40,40,1
nuscenes_mini_subset,worst_bin,test,original,0,0.2,40,39,0.975
nuscenes_mini_subset,worst_bin,test,original,0,0.4,40,37,0.925
nuscenes_mini_subset,worst_bin,test,original,0,0.6,40,32,0.8
nuscenes_mini_subset,worst_bin,test,random_dropout,0.1,0.2,40,40,1
nuscenes_mini_subset,worst_bin,test,random_dropout,0.1,0.4,40,38,0.95
nuscenes_mini_subset,worst_bin,test,random_dropout,0.1,0.6,40,34,0.85
nuscenes_mini_subset,worst_bin,test,random_dropout,0.3,0.2,40,40,1
nuscenes_mini_subset,worst_bin,test,random_dropout,0.3,0.4,40,40,1
nuscenes_mini_subset,worst_bin,test,random_dropout,0.3,0.6,40,35,0.875
nuscenes_mini_subset,worst_bin,test,random_dropout,0.5,0.2,40,40,1
nuscenes_mini_subset,worst_bin,test,random_dropout,0.5,0.4,40,40,1
nuscenes_mini_subset,worst_bin,test,random_dropout,0.5,0.6,40,40,1
nuscenes_mini_subset,worst_bin,test,sector_dropout,10,0.2,40,40,1
nuscenes_mini_subset,worst_bin,test,sector_dropout,10,0.4,40,40,1
nuscenes_mini_subset,worst_bin,test,sector_dropout,10,0.6,40,32,0.8
nuscenes_mini_subset,worst_bin,test,sector_dropout,20,0.2,40,40,1
nuscenes_mini_subset,worst_bin,test,sector_dropout,20,0.4,40,40,1
nuscenes_mini_subset,worst_bin,test,sector_dropout,20,0.6,40,40,1
nuscenes_mini_subset,worst_bin,test,sector_dropout,30,0.2,40,40,1
nuscenes_mini_subset,worst_bin,test,sector_dropout,30,0.4,40,40,1
nuscenes_mini_subset,worst_bin,test,sector_dropout,30,0.6,40,40,1
