dataset,az_start_deg,az_end_deg,reference_bin_points,reference_n_points
kitti_mini,-180,-170,2576.5,120851.5
kitti_mini,-170,-160,2801.5,120851.5
kitti_mini,-160,-150,3084.5,120851.5
kitti_mini,-150,-140,3701,120851.5
kitti_mini,-140,-130,3560,120851.5
kitti_mini,-130,-120,3485,120851.5
kitti_mini,-120,-110,3793,120851.5
kitti_mini,-110,-100,3795,120851.5
kitti_mini,-100,-90,3798,120851.5
kitti_mini,-90,-80,3604.5,120851.5
kitti_mini,-80,-70,2942,120851.5
kitti_mini,-70,-60,2930.5,120851.5
kitti_mini,-60,-50,3619.5,120851.5
kitti_mini,-50,-40,3773,120851.5
kitti_mini,-40,-30,3582.5,120851.5
kitti_mini,-30,-20,3698.5,120851.5
kitti_mini,-20,-10,3275,120851.5
kitti_mini,-10,0,3001.5,120851.5
kitti_mini,0,10,2997,120851.5
kitti_mini,10,20,3375.5,120851.5
kitti_mini,20,30,3636,120851.5
kitti_mini,30,40,3638,120851.5
kitti_mini,40,50,3740,120851.5
kitti_mini,50,60,3776.5,120851.5
kitti_mini,60,70,3782.5,120851.5
kitti_mini,70,80,3784.5,120851.5
kitti_mini,80,90,3784.5,120851.5
kitti_mini,90,100,3785,120851.5
kitti_mini,100,110,3785,120851.5
kitti_mini,110,120,3786.5,120851.5
kitti_mini,120,130,3610.5,120851.5
kitti_mini,130,140,3219,120851.5
kitti_mini,140,150,3046.5,120851.5
kitti_mini,150,160,2913,120851.5
kitti_mini,160,170,2641,120851.5
kitti_mini,170,180,2576,120851.5
nuscenes_mini_subset,-180,-170,1127,34720
nuscenes_mini_subset,-170,-160,925,34720
nuscenes_mini_subset,-160,-150,910,34720
nuscenes_mini_subset,-150,-140,911,34720
nuscenes_mini_subset,-140,-130,876,34720
nuscenes_mini_subset,-130,-120,863,34720
nuscenes_mini_subset,-120,-110,866.5,34720
nuscenes_mini_subset,-110,-100,749,34720
nuscenes_mini_subset,-100,-90,3037,34720
nuscenes_mini_subset,-90,-80,1843,34720
nuscenes_mini_subset,-80,-70,748,34720
nuscenes_mini_subset,-70,-60,883.5,34720
nuscenes_mini_subset,-60,-50,885,34720
nuscenes_mini_subset,-50,-40,861,34720
nuscenes_mini_subset,-40,-30,877,34720
nuscenes_mini_subset,-30,-20,907.5,34720
nuscenes_mini_subset,-20,-10,919.5,34720
nuscenes_mini_subset,-10,0,914.5,34720
nuscenes_mini_subset,0,10,897,34720
nuscenes_mini_subset,10,20,904.5,34720
nuscenes_mini_subset,20,30,934,34720
nuscenes_mini_subset,30,40,909,34720
nuscenes_mini_subset,40,50,807,34720
nuscenes_mini_subset,50,60,781,34720
nuscenes_mini_subset,60,70,831.5,34720
nuscenes_mini_subset,70,80,779.5,34720
nuscenes_mini_subset,80,90,627.5,34720
nuscenes_mini_subset,90,100,665,34720
nuscenes_mini_subset,100,110,782.5,34720
nuscenes_mini_subset,110,120,803.5,34720
nuscenes_mini_subset,120,130,758,34720
nuscenes_mini_subset,130,140,747,34720
nuscenes_mini_subset,140,150,843.5,34720
nuscenes_mini_subset,150,160,917,34720
nuscenes_mini_subset,160,170,917.5,34720
nuscenes_mini_subset,170,180,919,34720
