dataset,frame,method,iteration,n_points,threshold,score,flagged,elapsed_ms
kitti_mini,000011,global_count,1,108004,0.2,0.106308155,False,1.429100001
kitti_mini,000011,global_count,2,108004,0.2,0.106308155,False,1.3683
kitti_mini,000011,global_count,3,108004,0.2,0.106308155,False,1.3693
kitti_mini,000011,global_count,4,108004,0.2,0.106308155,False,1.348700001
kitti_mini,000011,global_count,5,108004,0.2,0.106308155,False,1.3949
kitti_mini,000011,global_count,6,108004,0.2,0.106308155,False,1.8475
kitti_mini,000011,global_count,7,108004,0.2,0.106308155,False,1.9159
kitti_mini,000011,global_count,8,108004,0.2,0.106308155,False,2.3908
kitti_mini,000011,global_count,9,108004,0.2,0.106308155,False,2.319200001
kitti_mini,000011,global_count,10,108004,0.2,0.106308155,False,1.3631
kitti_mini,000011,global_count,11,108004,0.2,0.106308155,False,1.3296
kitti_mini,000011,global_count,12,108004,0.2,0.106308155,False,1.354099999
kitti_mini,000011,global_count,13,108004,0.2,0.106308155,False,1.3198
kitti_mini,000011,global_count,14,108004,0.2,0.106308155,False,1.2969
kitti_mini,000011,global_count,15,108004,0.2,0.106308155,False,1.493
kitti_mini,000011,global_count,16,108004,0.2,0.106308155,False,1.3196
kitti_mini,000011,global_count,17,108004,0.2,0.106308155,False,1.339
kitti_mini,000011,global_count,18,108004,0.2,0.106308155,False,1.304699999
kitti_mini,000011,global_count,19,108004,0.2,0.106308155,False,1.5322
kitti_mini,000011,global_count,20,108004,0.2,0.106308155,False,1.5095
kitti_mini,000011,global_count,21,108004,0.2,0.106308155,False,1.4199
kitti_mini,000011,global_count,22,108004,0.2,0.106308155,False,1.3879
kitti_mini,000011,global_count,23,108004,0.2,0.106308155,False,1.3485
kitti_mini,000011,global_count,24,108004,0.2,0.106308155,False,1.397
kitti_mini,000011,global_count,25,108004,0.2,0.106308155,False,1.336899999
kitti_mini,000011,global_count,26,108004,0.2,0.106308155,False,1.317300001
kitti_mini,000011,global_count,27,108004,0.2,0.106308155,False,1.309899999
kitti_mini,000011,global_count,28,108004,0.2,0.106308155,False,1.323300001
kitti_mini,000011,global_count,29,108004,0.2,0.106308155,False,1.3743
kitti_mini,000011,global_count,30,108004,0.2,0.106308155,False,1.303700001
kitti_mini,000011,worst_bin,1,108004,0.4,0.437449338,True,9.7618
kitti_mini,000011,worst_bin,2,108004,0.4,0.437449338,True,7.395600001
kitti_mini,000011,worst_bin,3,108004,0.4,0.437449338,True,7.1166
kitti_mini,000011,worst_bin,4,108004,0.4,0.437449338,True,8.227
kitti_mini,000011,worst_bin,5,108004,0.4,0.437449338,True,6.173
kitti_mini,000011,worst_bin,6,108004,0.4,0.437449338,True,6.967199999
kitti_mini,000011,worst_bin,7,108004,0.4,0.437449338,True,6.2698
kitti_mini,000011,worst_bin,8,108004,0.4,0.437449338,True,6.561099999
kitti_mini,000011,worst_bin,9,108004,0.4,0.437449338,True,6.558900001
kitti_mini,000011,worst_bin,10,108004,0.4,0.437449338,True,6.4674
kitti_mini,000011,worst_bin,11,108004,0.4,0.437449338,True,6.643500001
kitti_mini,000011,worst_bin,12,108004,0.4,0.437449338,True,6.197000001
kitti_mini,000011,worst_bin,13,108004,0.4,0.437449338,True,6.276799999
kitti_mini,000011,worst_bin,14,108004,0.4,0.437449338,True,8.237399999
kitti_mini,000011,worst_bin,15,108004,0.4,0.437449338,True,6.756800001
kitti_mini,000011,worst_bin,16,108004,0.4,0.437449338,True,6.426200001
kitti_mini,000011,worst_bin,17,108004,0.4,0.437449338,True,6.2748
kitti_mini,000011,worst_bin,18,108004,0.4,0.437449338,True,7.6023
kitti_mini,000011,worst_bin,19,108004,0.4,0.437449338,True,6.3135
kitti_mini,000011,worst_bin,20,108004,0.4,0.437449338,True,6.213899998
kitti_mini,000011,worst_bin,21,108004,0.4,0.437449338,True,6.627799999
kitti_mini,000011,worst_bin,22,108004,0.4,0.437449338,True,6.2643
kitti_mini,000011,worst_bin,23,108004,0.4,0.437449338,True,7.639899999
kitti_mini,000011,worst_bin,24,108004,0.4,0.437449338,True,6.2781
kitti_mini,000011,worst_bin,25,108004,0.4,0.437449338,True,6.1006
kitti_mini,000011,worst_bin,26,108004,0.4,0.437449338,True,6.997800001
kitti_mini,000011,worst_bin,27,108004,0.4,0.437449338,True,7.3507
kitti_mini,000011,worst_bin,28,108004,0.4,0.437449338,True,7.9525
kitti_mini,000011,worst_bin,29,108004,0.4,0.437449338,True,6.106700001
kitti_mini,000011,worst_bin,30,108004,0.4,0.437449338,True,6.130199999
nuscenes_mini_subset,scene-0103_010,global_count,1,34720,0.2,0,False,0.4504000008
nuscenes_mini_subset,scene-0103_010,global_count,2,34720,0.2,0,False,0.4418000008
nuscenes_mini_subset,scene-0103_010,global_count,3,34720,0.2,0,False,0.4176000002
nuscenes_mini_subset,scene-0103_010,global_count,4,34720,0.2,0,False,0.4256000011
nuscenes_mini_subset,scene-0103_010,global_count,5,34720,0.2,0,False,0.4153999998
nuscenes_mini_subset,scene-0103_010,global_count,6,34720,0.2,0,False,0.4250999991
nuscenes_mini_subset,scene-0103_010,global_count,7,34720,0.2,0,False,0.4233999989
nuscenes_mini_subset,scene-0103_010,global_count,8,34720,0.2,0,False,0.4107999994
nuscenes_mini_subset,scene-0103_010,global_count,9,34720,0.2,0,False,0.3997000003
nuscenes_mini_subset,scene-0103_010,global_count,10,34720,0.2,0,False,0.4001999987
nuscenes_mini_subset,scene-0103_010,global_count,11,34720,0.2,0,False,0.4152000001
nuscenes_mini_subset,scene-0103_010,global_count,12,34720,0.2,0,False,0.5698000004
nuscenes_mini_subset,scene-0103_010,global_count,13,34720,0.2,0,False,0.6466000013
nuscenes_mini_subset,scene-0103_010,global_count,14,34720,0.2,0,False,0.7240000014
nuscenes_mini_subset,scene-0103_010,global_count,15,34720,0.2,0,False,0.5039999996
nuscenes_mini_subset,scene-0103_010,global_count,16,34720,0.2,0,False,0.4635999994
nuscenes_mini_subset,scene-0103_010,global_count,17,34720,0.2,0,False,0.4424999988
nuscenes_mini_subset,scene-0103_010,global_count,18,34720,0.2,0,False,0.4446000003
nuscenes_mini_subset,scene-0103_010,global_count,19,34720,0.2,0,False,0.4369999988
nuscenes_mini_subset,scene-0103_010,global_count,20,34720,0.2,0,False,0.4195000001
nuscenes_mini_subset,scene-0103_010,global_count,21,34720,0.2,0,False,0.4420999994
nuscenes_mini_subset,scene-0103_010,global_count,22,34720,0.2,0,False,0.4265999996
nuscenes_mini_subset,scene-0103_010,global_count,23,34720,0.2,0,False,0.4703000013
nuscenes_mini_subset,scene-0103_010,global_count,24,34720,0.2,0,False,0.534499999
nuscenes_mini_subset,scene-0103_010,global_count,25,34720,0.2,0,False,0.5453000012
nuscenes_mini_subset,scene-0103_010,global_count,26,34720,0.2,0,False,0.5563000013
nuscenes_mini_subset,scene-0103_010,global_count,27,34720,0.2,0,False,0.6162999998
nuscenes_mini_subset,scene-0103_010,global_count,28,34720,0.2,0,False,0.638200001
nuscenes_mini_subset,scene-0103_010,global_count,29,34720,0.2,0,False,0.6406000011
nuscenes_mini_subset,scene-0103_010,global_count,30,34720,0.2,0,False,0.6796999987
nuscenes_mini_subset,scene-0103_010,worst_bin,1,34720,0.6,0.6728160608,True,4.296399999
nuscenes_mini_subset,scene-0103_010,worst_bin,2,34720,0.6,0.6728160608,True,4.2237
nuscenes_mini_subset,scene-0103_010,worst_bin,3,34720,0.6,0.6728160608,True,3.960400001
nuscenes_mini_subset,scene-0103_010,worst_bin,4,34720,0.6,0.6728160608,True,3.580500001
nuscenes_mini_subset,scene-0103_010,worst_bin,5,34720,0.6,0.6728160608,True,4.190900001
nuscenes_mini_subset,scene-0103_010,worst_bin,6,34720,0.6,0.6728160608,True,4.298
nuscenes_mini_subset,scene-0103_010,worst_bin,7,34720,0.6,0.6728160608,True,4.689699999
nuscenes_mini_subset,scene-0103_010,worst_bin,8,34720,0.6,0.6728160608,True,3.9156
nuscenes_mini_subset,scene-0103_010,worst_bin,9,34720,0.6,0.6728160608,True,6.5092
nuscenes_mini_subset,scene-0103_010,worst_bin,10,34720,0.6,0.6728160608,True,4.7259
nuscenes_mini_subset,scene-0103_010,worst_bin,11,34720,0.6,0.6728160608,True,3.937699999
nuscenes_mini_subset,scene-0103_010,worst_bin,12,34720,0.6,0.6728160608,True,4.573400001
nuscenes_mini_subset,scene-0103_010,worst_bin,13,34720,0.6,0.6728160608,True,3.6342
nuscenes_mini_subset,scene-0103_010,worst_bin,14,34720,0.6,0.6728160608,True,4.026099999
nuscenes_mini_subset,scene-0103_010,worst_bin,15,34720,0.6,0.6728160608,True,3.8033
nuscenes_mini_subset,scene-0103_010,worst_bin,16,34720,0.6,0.6728160608,True,4.680099999
nuscenes_mini_subset,scene-0103_010,worst_bin,17,34720,0.6,0.6728160608,True,4.3585
nuscenes_mini_subset,scene-0103_010,worst_bin,18,34720,0.6,0.6728160608,True,3.4612
nuscenes_mini_subset,scene-0103_010,worst_bin,19,34720,0.6,0.6728160608,True,2.832299999
nuscenes_mini_subset,scene-0103_010,worst_bin,20,34720,0.6,0.6728160608,True,2.3913
nuscenes_mini_subset,scene-0103_010,worst_bin,21,34720,0.6,0.6728160608,True,2.202899999
nuscenes_mini_subset,scene-0103_010,worst_bin,22,34720,0.6,0.6728160608,True,3.788100001
nuscenes_mini_subset,scene-0103_010,worst_bin,23,34720,0.6,0.6728160608,True,2.177299999
nuscenes_mini_subset,scene-0103_010,worst_bin,24,34720,0.6,0.6728160608,True,2.685900001
nuscenes_mini_subset,scene-0103_010,worst_bin,25,34720,0.6,0.6728160608,True,3.045699999
nuscenes_mini_subset,scene-0103_010,worst_bin,26,34720,0.6,0.6728160608,True,3.6877
nuscenes_mini_subset,scene-0103_010,worst_bin,27,34720,0.6,0.6728160608,True,4.840500002
nuscenes_mini_subset,scene-0103_010,worst_bin,28,34720,0.6,0.6728160608,True,4.010800001
nuscenes_mini_subset,scene-0103_010,worst_bin,29,34720,0.6,0.6728160608,True,3.794099999
nuscenes_mini_subset,scene-0103_010,worst_bin,30,34720,0.6,0.6728160608,True,4.0419
